<?xml version="1.0" encoding="UTF-8" standalone="no"?>
<!DOCTYPE properties SYSTEM "http://java.sun.com/dtd/properties.dtd">
<properties>
<comment>NWTIS konfiguracija</comment>
<entry key="server.database">jdbc:hsqldb:hsql://localhost:9001/</entry>
<entry key="admin.username">SA</entry>
<entry key="admin.password"></entry>
<entry key="admin.database">nwtis_3</entry>
<entry key="user.username">nwtis_3</entry>
<entry key="user.password">nwtis#3</entry>
<entry key="user.database">nwtis_3</entry>
<entry key="jdbc.mysql">com.mysql.jdbc.Driver</entry>
<entry key="jdbc.derby">org.apache.derby.jdbc.ClientDriver</entry>
<entry key="jdbc.hsqldb.hsql">org.hsqldb.jdbcDriver</entry>
</properties> 