<?xml version="1.0" encoding="UTF-8" standalone="no"?>
<!DOCTYPE properties SYSTEM "http://java.sun.com/dtd/properties.dtd">
<properties>
<entry key="OpenSkyNetwork.korisnik">dviljevac@student.foi.hr</entry>
<entry key="OpenSkyNetwork.lozinka">dviljevac</entry>
<entry key="adresa">200.20.0.1</entry>
<entry key="mreznaVrata">8000</entry>
<entry key="statusPosluzitelja">false</entry>
<entry key="aerodromi.sakupljanje">BBR EDDF EDDM EGGP EGLL EIDW
EPWA GCLP HEGN LDZA LEBL LEPA LFPG EDDS LIPZ LOWW LTBJ LZLH LJLJ
OMDB</entry>
<entry key="ciklus.trajanje">180</entry>
<entry key="preuzimanje.od">01.12.2022</entry>
<entry key="preuzimanje.do">13.01.2023</entry>
</properties>