<?xml version="1.0" encoding="UTF-8" standalone="no"?>
<!DOCTYPE properties SYSTEM "http://java.sun.com/dtd/properties.dtd">
<properties>
<entry key="adresa.app2">http://200.20.0.4:8080/dviljevac_aplikacija_2/api</entry>
<entry key="stranica.brojRedova">20</entry>
<entry key="autor.ime">David</entry>
<entry key="autor.prezime">Viljevac</entry>
<entry key="autor.predmet">NWTiS</entry>
<entry key="aplikacija.godina">2023.</entry>
<entry key="aplikacija.verzija">1.23</entry>
<entry key="OpenSkyNetwork.korisnik">dviljevac</entry>
<entry key="OpenSkyNetwork.lozinka">Bvc6wPK5</entry>
<entry key="adresa">200.20.0.1</entry>
<entry key="mreznaVrata">8000</entry>
<entry key="statusPosluzitelja">false</entry>
</properties>